{
    "age": [
        485.0,
        484.5,
        484.0,
        483.5,
        483.0,
        482.5,
        482.0,
        481.5,
        481.0,
        480.5,
        480.0,
        479.5,
        479.0,
        478.5,
        478.0,
        477.5,
        477.0,
        476.5,
        476.0,
        475.5,
        475.0,
        474.5,
        474.0,
        473.5,
        473.0,
        472.5,
        472.0,
        471.5,
        471.0,
        470.5,
        470.0,
        469.5,
        469.0,
        468.5,
        468.0,
        467.5,
        467.0,
        466.5,
        466.0,
        465.5,
        465.0,
        464.5,
        464.0,
        463.5,
        463.0,
        462.5,
        462.0,
        461.5,
        461.0,
        460.5,
        460.0,
        459.5,
        459.0,
        458.5,
        458.0,
        457.5,
        457.0,
        456.5,
        456.0,
        455.5,
        455.0,
        454.5,
        454.0,
        453.5,
        453.0,
        452.5,
        452.0,
        451.5,
        451.0,
        450.5,
        450.0,
        449.5,
        449.0,
        448.5,
        448.0,
        447.5,
        447.0,
        446.5,
        446.0
    ],
    "sr": [
        0.709028,
        0.70902,
        0.709012,
        0.709004,
        0.708996,
        0.708987,
        0.708979,
        0.708971,
        0.708963,
        0.708954,
        0.708946,
        0.708938,
        0.708929,
        0.708921,
        0.708913,
        0.708904,
        0.708896,
        0.708888,
        0.70888,
        0.708872,
        0.708864,
        0.708855,
        0.708847,
        0.708839,
        0.708831,
        0.708823,
        0.708815,
        0.708807,
        0.7088,
        0.708793,
        0.708787,
        0.708781,
        0.708776,
        0.70877,
        0.708765,
        0.708764,
        0.708764,
        0.708765,
        0.708764,
        0.708762,
        0.708756,
        0.708749,
        0.708739,
        0.708727,
        0.708714,
        0.708696,
        0.708673,
        0.708648,
        0.708618,
        0.708585,
        0.70855,
        0.708512,
        0.708472,
        0.708427,
        0.708382,
        0.708336,
        0.708286,
        0.708238,
        0.708196,
        0.708159,
        0.708113,
        0.70808,
        0.708052,
        0.708023,
        0.707998,
        0.707977,
        0.707958,
        0.70794,
        0.707926,
        0.707915,
        0.707906,
        0.7079,
        0.707898,
        0.707897,
        0.707899,
        0.707905,
        0.707911,
        0.707921,
        0.707932
    ]
}